{
  "metrics": {
    "FP": 41240.0, 
    "f1": 0.9455875364240066, 
    "recall": 0.955193405500154, 
    "precision": 0.9361729459342755, 
    "TP": 604881.0, 
    "TN": 90561.0, 
    "epoch": 2, 
    "FN": 28374.0, 
    "accuracy": 0.90900796804416928
  }, 
  "times": {
    "total_time": 316864.12437701225, 
    "testing_per_epoch_secs": [
      3366.448616027832, 
      6614.245293140411, 
      3374.884532213211, 
      6753.862910985947, 
      3388.6317808628082, 
      6579.422404050827, 
      3412.510870218277, 
      6725.960468053818, 
      3334.309813976288, 
      6740.510832071304
    ], 
    "training_per_epoch_secs": [
      60479.228574991226, 
      19861.119040966034, 
      19724.656545877457, 
      18099.208083868027, 
      18448.683613061905, 
      16182.038608074188, 
      26651.2982878685, 
      20352.0982298851, 
      21247.095728874207, 
      31199.94655609131, 
      14327.963585853577
    ]
  }
}
