{
  "metrics": {
    "FP": 71953.0, 
    "f1": 0.7978592139492987, 
    "recall": 0.8997548244226511, 
    "precision": 0.7166948188221768, 
    "TP": 182024.0, 
    "TN": 130351.0, 
    "epoch": 12, 
    "FN": 20280.0, 
    "accuracy": 0.77204355820942738
  }, 
  "times": {
    "total_time": 389301.88068699837, 
    "testing_per_epoch_secs": [
      2148.135922908783, 
      4351.118305921555, 
      2240.681146144867, 
      4507.42231798172, 
      2244.011790037155, 
      4486.669636964798, 
      2248.9576890468597, 
      4462.110393047333, 
      2258.35244679451, 
      4452.066783189774, 
      2258.9708008766174, 
      4503.381821870804, 
      2274.9949820041656, 
      4445.289896965027, 
      2275.5388720035553, 
      4421.691826105118, 
      2231.1113629341125
    ], 
    "training_per_epoch_secs": [
      22508.899101018906, 
      24889.996489048004, 
      15464.392601966858, 
      14478.822477817535, 
      13648.946382045746, 
      15362.71956896782, 
      14267.467853069305, 
      14737.087635040283, 
      15385.514261007309, 
      13390.593590021133, 
      20013.47757792473, 
      16611.492854118347, 
      17788.2094540596, 
      17973.538478136063, 
      20446.624173879623, 
      13789.0654900074, 
      23805.704478025436, 
      38928.822226047516
    ]
  }
}
