{
  "metrics": {
    "FP": 17368.0, 
    "f1": 0.7406613278222681, 
    "recall": 0.7156121302882815, 
    "precision": 0.7675277740596975, 
    "TP": 57342.0, 
    "TN": 63142.0, 
    "epoch": 3, 
    "FN": 22788.0, 
    "accuracy": 0.75002490039840641
  }, 
  "times": {
    "total_time": 58777.21110987663, 
    "testing_per_epoch_secs": [
      251.89090394973755, 
      509.5666880607605, 
      256.22533917427063, 
      494.6996099948883, 
      251.1143069267273, 
      495.2640619277954, 
      248.52619004249573, 
      498.6790060997009, 
      248.98821091651917, 
      511.98146200180054, 
      278.4733338356018, 
      486.7787070274353, 
      243.26086401939392, 
      485.648540019989, 
      241.71656012535095, 
      484.8154811859131, 
      243.69484877586365, 
      477.4296531677246, 
      240.22601795196533, 
      481.2690620422363, 
      242.17755699157715, 
      515.8002231121063, 
      243.3560471534729, 
      483.5600290298462, 
      272.0583300590515, 
      485.004812002182, 
      241.75770592689514, 
      502.4705879688263, 
      243.8646490573883
    ], 
    "training_per_epoch_secs": [
      1173.9757659435272, 
      1138.858766078949, 
      1326.14626288414, 
      1210.6119530200958, 
      1386.2016379833221, 
      1290.1043009757996, 
      1331.1389780044556, 
      1343.388314962387, 
      1394.3481030464172, 
      1409.9196500778198, 
      1453.7542970180511, 
      1443.7108790874481, 
      1470.3624949455261, 
      1514.3370389938354, 
      1534.4886329174042, 
      1570.729365825653, 
      1598.096312046051, 
      1642.1578249931335, 
      1661.033586025238, 
      1686.7796919345856, 
      1779.3921840190887, 
      1790.9807028770447, 
      1808.0022249221802, 
      1843.6685628890991, 
      1876.3081419467926, 
      1948.6703960895538, 
      1966.2971608638763, 
      1978.5195860862732, 
      2007.0014851093292, 
      2053.0902857780457
    ], 
    "data_loading_secs": 0.3518819808959961
  }
}
