{
  "metrics": {
    "FP": 43149.0, 
    "f1": 0.9427049180968489, 
    "recall": 0.9523730566675352, 
    "precision": 0.933231101565353, 
    "TP": 603095.0, 
    "TN": 88652.0, 
    "epoch": 2, 
    "FN": 30160.0, 
    "accuracy": 0.90417825623222348
  }, 
  "times": {
    "total_time": 576622.8011648655, 
    "testing_per_epoch_secs": [
      5351.9238538742065, 
      10441.008754014969, 
      5210.0372948646545, 
      10813.287596940994, 
      5384.071522951126, 
      10836.012016057968, 
      5351.163022041321, 
      10823.078795909882
    ], 
    "training_per_epoch_secs": [
      51829.867351055145, 
      52240.93697094917, 
      56736.55199718475, 
      54478.55361700058, 
      56979.12953209877, 
      57136.63212299347, 
      60286.731524944305, 
      60969.64840102196, 
      61754.16679096222
    ]
  }
}
