{
  "metrics": {
    "FP": 61644.0, 
    "f1": 0.7855497965165099, 
    "recall": 0.8439328930718127, 
    "precision": 0.7347218934911243, 
    "TP": 170731.0, 
    "TN": 140660.0, 
    "epoch": 24, 
    "FN": 31573.0, 
    "accuracy": 0.7696115746599177
  }, 
  "times": {
    "total_time": 473107.4207470417, 
    "testing_per_epoch_secs": [
      2134.478616952896, 
      4235.137945890427, 
      2074.8605790138245, 
      4089.818971157074, 
      2050.816776037216, 
      4019.7442710399628, 
      1963.4796941280365, 
      4103.677273035049, 
      1950.7332727909088, 
      3919.324506044388, 
      1960.7147989273071, 
      3906.6862530708313, 
      2102.4118609428406, 
      4107.486176967621, 
      2044.9187560081482, 
      4089.4177310466766, 
      2050.8624169826508, 
      4093.338481903076, 
      2031.6723968982697, 
      4037.396523952484, 
      1964.435007095337, 
      3928.937558889389, 
      1965.432736158371, 
      4419.889064073563, 
      1962.4816880226135, 
      3893.971997022629, 
      1950.1893210411072, 
      3926.6156759262085, 
      1967.022094964981
    ], 
    "training_per_epoch_secs": [
      12908.064749002457, 
      12667.885456085205, 
      13990.085487127304, 
      9776.709489822388, 
      9858.07942199707, 
      10024.721834897995, 
      14239.482365846634, 
      13082.65361404419, 
      10765.725986003876, 
      10427.332643032074, 
      10685.466428995132, 
      10785.283595085144, 
      12577.942331075668, 
      17104.161495923996, 
      11845.409826993942, 
      12040.475685119629, 
      12221.081236839294, 
      12456.945290088654, 
      12590.238701105118, 
      12829.77816414833, 
      12533.858378887177, 
      12729.439929008484, 
      13245.382050991058, 
      13275.11233496666, 
      14038.032527923584, 
      14479.62039399147, 
      13590.874797821045, 
      13885.022195100784, 
      16610.85129404068, 
      15002.80564713478
    ], 
    "data_loading_secs": 0.001024007797241211
  }
}
