{
  "metrics": {
    "FP": 21369.0, 
    "f1": 0.7785226216937751, 
    "recall": 0.8024656936430199, 
    "precision": 0.7559669278030285, 
    "TP": 66197.0, 
    "TN": 61771.0, 
    "epoch": 4, 
    "FN": 16295.0, 
    "accuracy": 0.7726043276661515
  }, 
  "times": {
    "total_time": 56670.02875614166, 
    "testing_per_epoch_secs": [
      198.6542990207672, 
      410.0865080356598, 
      210.74699592590332, 
      415.58824586868286, 
      225.3324031829834, 
      406.39673709869385, 
      205.26522397994995, 
      470.67004108428955, 
      194.15260481834412, 
      391.10131788253784, 
      194.31717205047607, 
      391.5979359149933, 
      194.2254228591919, 
      391.73777198791504, 
      194.6289200782776, 
      414.7030200958252, 
      209.26416015625, 
      393.8617730140686, 
      194.6853530406952, 
      392.300390958786, 
      194.1026029586792, 
      392.06874322891235, 
      194.71061897277832, 
      392.1081099510193, 
      194.97419095039368, 
      392.5463960170746, 
      195.12523293495178, 
      392.5003869533539, 
      207.52496099472046
    ], 
    "training_per_epoch_secs": [
      827.9598560333252, 
      1007.8974108695984, 
      1142.1467180252075, 
      1044.8727340698242, 
      1116.0581719875336, 
      1175.3946878910065, 
      1220.5681068897247, 
      1346.5934290885925, 
      1234.3359069824219, 
      1257.5491571426392, 
      1306.186830997467, 
      1354.185317993164, 
      1401.7445001602173, 
      1451.7099921703339, 
      1500.3566098213196, 
      1655.1379899978638, 
      1718.35653090477, 
      1936.7293047904968, 
      1703.5143949985504, 
      1749.920212984085, 
      1797.8821420669556, 
      1846.2059049606323, 
      1898.148628950119, 
      1949.030746936798, 
      1998.9741020202637, 
      2048.034030199051, 
      2098.722921848297, 
      2148.1608901023865, 
      2209.850707054138, 
      2436.5792479515076
    ], 
    "data_loading_secs": 0.0009851455688476562
  }
}
