{
  "metrics": {
    "FP": 24793.0, 
    "f1": 0.7579843272804754, 
    "recall": 0.7991139398477474, 
    "precision": 0.720881273501002, 
    "TP": 64033.0, 
    "TN": 55717.0, 
    "epoch": 2, 
    "FN": 16097.0, 
    "accuracy": 0.74545567729083662
  }, 
  "times": {
    "total_time": 62073.07513213158, 
    "testing_per_epoch_secs": [
      245.7565791606903, 
      517.6478590965271, 
      234.99319195747375, 
      490.33591389656067, 
      254.6545889377594, 
      486.5280249118805, 
      245.3698492050171, 
      477.5111548900604, 
      240.3766689300537, 
      500.54472398757935, 
      248.24683117866516, 
      482.0332901477814, 
      238.42840194702148, 
      480.0261390209198, 
      234.79946398735046, 
      474.82348799705505, 
      327.28510189056396, 
      625.9384219646454, 
      246.66049098968506, 
      479.05800700187683, 
      337.5804350376129, 
      477.91113901138306, 
      237.12147998809814, 
      476.9915370941162, 
      242.70167899131775, 
      485.09000396728516, 
      244.17697501182556, 
      478.2782070636749, 
      242.05074381828308
    ], 
    "training_per_epoch_secs": [
      1140.6494719982147, 
      2468.2884287834167, 
      1100.3664240837097, 
      1141.0399980545044, 
      1218.987760066986, 
      1239.326493024826, 
      1281.6905009746552, 
      1306.4900479316711, 
      1314.8349931240082, 
      1328.2902929782867, 
      1473.1113049983978, 
      1814.1994807720184, 
      1497.6980249881744, 
      1465.4535961151123, 
      1513.3000237941742, 
      1531.7195620536804, 
      1586.0340881347656, 
      1897.6474521160126, 
      2036.6705889701843, 
      3360.8512709140778, 
      1719.1874179840088, 
      1851.3324291706085, 
      1791.0299258232117, 
      1834.9890019893646, 
      1859.9435420036316, 
      1926.50790309906, 
      1977.140525817871, 
      2013.4019351005554, 
      2069.7931480407715, 
      2075.190749168396
    ], 
    "data_loading_secs": 0.030904054641723633
  }
}
